[
  {
    "ID": 5,
    "Flute": "A",
    "Thickness": 5,
    "BoxPerBundle": 20,
    "a": 6,
    "b": 3,
    "c": 5,
    "d": 9,
    "StackHeight": 2000
  },
  {
    "ID": 6,
    "Flute": "AB",
    "Thickness": 8,
    "BoxPerBundle": 10,
    "a": 9,
    "b": 6,
    "c": 8,
    "d": 18,
    "StackHeight": 2000
  },
  {
    "ID": 1,
    "Flute": "B",
    "Thickness": 3,
    "BoxPerBundle": 20,
    "a": 3,
    "b": 0,
    "c": 2,
    "d": 5,
    "StackHeight": 2000
  },
  {
    "ID": 3,
    "Flute": "BC",
    "Thickness": 7,
    "BoxPerBundle": 10,
    "a": 8,
    "b": 5,
    "c": 6,
    "d": 15,
    "StackHeight": 2000
  },
  {
    "ID": 2,
    "Flute": "C",
    "Thickness": 4,
    "BoxPerBundle": 20,
    "a": 5,
    "b": 2,
    "c": 3,
    "d": 7,
    "StackHeight": 2000
  },
  {
    "ID": 4,
    "Flute": "E",
    "Thickness": 1.5,
    "BoxPerBundle": 20,
    "a": 2,
    "b": 0,
    "c": 1,
    "d": 4,
    "StackHeight": 2000
  },
  {
    "ID": 7,
    "Flute": "F",
    "Thickness": 1,
    "BoxPerBundle": 30,
    "a": 2,
    "b": 1,
    "c": 1,
    "d": 3,
    "StackHeight": 2000
  }
]